residue	sse
2	124.2617
5	11.6391
6	30.0769
8	65.8601
9	39.4578
10	18.0592
11	11.7273
13	177.3669
14	219.5948
15	3022.6887
18	8.7295
20	78.7550
21	56.9891
22	13.0815
23	20.0487
24	52.1141
25	7.4975
26	58.6294
27	35.1160
28	5.7842
29	97.6380
30	127.1151
33	4.7734
34	15.5006
35	12.3714
36	12.5442
37	6.2500
38	21.0579
39	18.1244
41	194.5064
42	5.5778
43	66.0724
44	37.2122
45	7.5904
46	4.5031
47	7.6094
49	2.6427
50	6.9438
51	3.3416
52	25.6987
55	6.2641
58	97.8521
59	32.3982
61	215.7965
65	11.2273
66	14.1468
67	12.2308
68	7.4474
69	8.2174
70	14.6616
71	28.3433
72	14.3998
74	7.1049
75	26.7049
77	6.8992
78	26.1191
79	36.3079
81	16.3502
82	33.0510
83	49.2655
84	9.2622
86	25.4233
87	20.4038
88	5.1153
89	141.1784
90	370.9634
91	256.9734
92	55.8389
93	16.6984
94	50.9979
95	85.2813
96	490.8768
98	104.5205
99	35.2190
100	100.4351
101	44.5821
102	31.6746
103	37.6098
104	263.8938
105	24.1647
106	51.6154
107	8.6297
109	16.3909
110	29.3847
111	27.8534
112	9.3965
114	123.0305
115	56.0450
116	15.9215
117	6.9889
118	50.4340
119	7.1171
120	9.7694
121	21.2507
122	65.2824
123	1969.8102
125	113.7760
126	716.7049
127	80.8525
129	43.4211
130	4.2642
131	10.9808
132	33.1351
133	10.5176
135	36.5026
136	32.8166
139	23.1885
141	17.3290
142	18.3862
143	19.5928
145	9.8078
146	29.1322
147	58.3349
148	3.2496
149	83.8170
150	95.9246
151	81.3071
152	801.9823
153	3298.9517
154	1179.1405
155	5822.8159
