index	title	residue
0	l2	2
1	v5	5
2	e6	6
3	f8	8
4	t9	9
5	d10	10
6	g11	11
7	c13	13
8	l14	14
9	g15	15
10	g18	18
11	g20	20
12	g21	21
13	y22	22
14	g23	23
15	a24	24
16	i25	25
17	l26	26
18	r27	27
19	y28	28
20	r29	29
21	g30	30
22	k33	33
23	t34	34
24	f35	35
25	s36	36
26	a37	37
27	g38	38
28	y39	39
29	r41	41
30	t42	42
31	t43	43
32	n44	44
33	n45	45
34	r46	46
35	m47	47
36	l49	49
37	m50	50
38	a51	51
39	a52	52
40	a55	55
41	a58	58
42	l59	59
43	e61	61
44	v65	65
45	i66	66
46	l67	67
47	s68	68
48	t69	69
49	d70	70
50	s71	71
51	q72	72
52	v74	74
53	r75	75
54	g77	77
55	i78	78
56	t79	79
57	w81	81
58	i82	82
59	h83	83
60	n84	84
61	k86	86
62	k87	87
63	r88	88
64	g89	89
65	w90	90
66	k91	91
67	t92	92
68	a93	93
69	d94	94
70	k95	95
71	k96	96
72	v98	98
73	k99	99
74	n100	100
75	v101	101
76	d102	102
77	l103	103
78	w104	104
79	q105	105
80	r106	106
81	l107	107
82	a109	109
83	a110	110
84	l111	111
85	g112	112
86	h114	114
87	q115	115
88	i116	116
89	k117	117
90	w118	118
91	e119	119
92	w120	120
93	v121	121
94	k122	122
95	g123	123
96	a125	125
97	g126	126
98	h127	127
99	e129	129
100	n130	130
101	e131	131
102	r132	132
103	c133	133
104	e135	135
105	l136	136
106	a139	139
107	a141	141
108	m142	142
109	n143	143
110	t145	145
111	l146	146
112	e147	147
113	d148	148
114	t149	149
115	g150	150
116	y151	151
117	q152	152
118	v153	153
119	e154	154
120	v155	155
