index	residue	sse
0	2	124.2617
1	5	11.6391
2	6	30.0769
3	8	65.8601
4	9	39.4578
5	10	18.0592
6	11	11.7273
7	13	177.3669
8	14	219.5948
9	15	3022.6887
10	18	8.7295
11	20	78.7550
12	21	56.9891
13	22	13.0815
14	23	20.0487
15	24	52.1141
16	25	7.4975
17	26	58.6294
18	27	35.1160
19	28	5.7842
20	29	97.6380
21	30	127.1151
22	33	4.7734
23	34	15.5006
24	35	12.3714
25	36	12.5442
26	37	6.2500
27	38	21.0579
28	39	18.1244
29	41	194.5064
30	42	5.5778
31	43	66.0724
32	44	37.2122
33	45	7.5904
34	46	4.5031
35	47	7.6094
36	49	2.6427
37	50	6.9438
38	51	3.3416
39	52	25.6987
40	55	6.2641
41	58	97.8521
42	59	32.3982
43	61	215.7965
44	65	11.2273
45	66	14.1468
46	67	12.2308
47	68	7.4474
48	69	8.2174
49	70	14.6616
50	71	28.3433
51	72	14.3998
52	74	7.1049
53	75	26.7049
54	77	6.8992
55	78	26.1191
56	79	36.3079
57	81	16.3502
58	82	33.0510
59	83	49.2655
60	84	9.2622
61	86	25.4233
62	87	20.4038
63	88	5.1153
64	89	141.1784
65	90	370.9634
66	91	256.9734
67	92	55.8389
68	93	16.6984
69	94	50.9979
70	95	85.2813
71	96	490.8768
72	98	104.5205
73	99	35.2190
74	100	100.4351
75	101	44.5821
76	102	31.6746
77	103	37.6098
78	104	263.8938
79	105	24.1647
80	106	51.6154
81	107	8.6297
82	109	16.3909
83	110	29.3847
84	111	27.8534
85	112	9.3965
86	114	123.0305
87	115	56.0450
88	116	15.9215
89	117	6.9889
90	118	50.4340
91	119	7.1171
92	120	9.7694
93	121	21.2507
94	122	65.2824
95	123	1969.8102
96	125	113.7760
97	126	716.7049
98	127	80.8525
99	129	43.4211
100	130	4.2642
101	131	10.9808
102	132	33.1351
103	133	10.5176
104	135	36.5026
105	136	32.8166
106	139	23.1885
107	141	17.3290
108	142	18.3862
109	143	19.5928
110	145	9.8078
111	146	29.1322
112	147	58.3349
113	148	3.2496
114	149	83.8170
115	150	95.9246
116	151	81.3071
117	152	801.9823
118	153	3298.9517
119	154	1179.1405
120	155	5822.8159
